"","log2FoldChange","padj","Factor"
"ko:K00024",0.0564064133337822,0.868201220726118,"Menthol_Menthol_vs_Control"
"ko:K00031",-0.00842768890381866,0.976907203762726,"Menthol_Menthol_vs_Control"
"ko:K00128",0.178640645843144,0.787336819119844,"Menthol_Menthol_vs_Control"
"ko:K00134",0.692161726213776,0.000288154391064379,"Menthol_Menthol_vs_Control"
"ko:K00140",0.754939391691854,0.0205797055410974,"Menthol_Menthol_vs_Control"
"ko:K00207",-0.456254270096699,0.305039306308179,"Menthol_Menthol_vs_Control"
"ko:K00235",-0.798861227860173,0.173556966915903,"Menthol_Menthol_vs_Control"
"ko:K00249",0.514782943791401,0.451339881943094,"Menthol_Menthol_vs_Control"
"ko:K00262",0.413183078241939,0.629345884974278,"Menthol_Menthol_vs_Control"
"ko:K00331",-0.189918388200768,0.868201220726118,"Menthol_Menthol_vs_Control"
"ko:K00333",-0.75820536050457,0.298257049242347,"Menthol_Menthol_vs_Control"
"ko:K00338",-0.298828095516037,0.812072783290502,"Menthol_Menthol_vs_Control"
"ko:K00357",-0.308997387677467,NA,"Menthol_Menthol_vs_Control"
"ko:K00411",0.0709411378709434,0.868047206781378,"Menthol_Menthol_vs_Control"
"ko:K00413",0.0283848969543384,0.976736481653439,"Menthol_Menthol_vs_Control"
"ko:K00414",-0.289221962977396,0.758003488713281,"Menthol_Menthol_vs_Control"
"ko:K00419",-0.728505764148724,NA,"Menthol_Menthol_vs_Control"
"ko:K00432",-1.2223211563356,0.153749729497108,"Menthol_Menthol_vs_Control"
"ko:K00456",0.0967165414927915,0.906160537481258,"Menthol_Menthol_vs_Control"
"ko:K00469",0.167866730688421,0.832804197065912,"Menthol_Menthol_vs_Control"
"ko:K00500",-0.135782973311078,0.917837404067893,"Menthol_Menthol_vs_Control"
"ko:K00522",0.632239566040692,8.3675474914535e-11,"Menthol_Menthol_vs_Control"
"ko:K00544",0.995877416738054,0.249898096252149,"Menthol_Menthol_vs_Control"
"ko:K00552",1.29530095279269,0.0127564556988321,"Menthol_Menthol_vs_Control"
"ko:K00616",-1.09589217116164,NA,"Menthol_Menthol_vs_Control"
"ko:K00643",0.107842951947466,0.868201220726118,"Menthol_Menthol_vs_Control"
"ko:K00772",0.382805099314621,0.655976169857149,"Menthol_Menthol_vs_Control"
"ko:K00789",-0.201685327435155,0.787336819119844,"Menthol_Menthol_vs_Control"
"ko:K00799",0.250247159726387,0.728994320489516,"Menthol_Menthol_vs_Control"
"ko:K00814",-0.352920560350352,0.660881832268723,"Menthol_Menthol_vs_Control"
"ko:K00819",0.701803788766327,0.0794344235653444,"Menthol_Menthol_vs_Control"
"ko:K00856",-0.120438790520106,0.91167403471404,"Menthol_Menthol_vs_Control"
"ko:K00927",1.03695963317769,0.289614253288728,"Menthol_Menthol_vs_Control"
"ko:K00933",0.251208632617568,0.737463760531075,"Menthol_Menthol_vs_Control"
"ko:K00939",-0.125435898322228,0.828650224047917,"Menthol_Menthol_vs_Control"
"ko:K00940",0.0710902395076835,0.867678918044667,"Menthol_Menthol_vs_Control"
"ko:K00942",-0.111399218629056,NA,"Menthol_Menthol_vs_Control"
"ko:K00966",0.117183820708993,NA,"Menthol_Menthol_vs_Control"
"ko:K00967",0.569193710769569,0.0246486213159255,"Menthol_Menthol_vs_Control"
"ko:K01070",-0.684405200558339,0.43503253950588,"Menthol_Menthol_vs_Control"
"ko:K01074",0.0121257914556003,0.976907203762726,"Menthol_Menthol_vs_Control"
"ko:K01206",0.0908353202121406,0.868201220726118,"Menthol_Menthol_vs_Control"
"ko:K01251",-0.090571499827497,0.815343968949842,"Menthol_Menthol_vs_Control"
"ko:K01363",0.229737481888394,0.735755993241886,"Menthol_Menthol_vs_Control"
"ko:K01365",0.237565867940592,0.575429867107093,"Menthol_Menthol_vs_Control"
"ko:K01379",0.218551454515345,0.735755993241886,"Menthol_Menthol_vs_Control"
"ko:K01431",-0.221344538672785,NA,"Menthol_Menthol_vs_Control"
"ko:K01527",0.258532578359959,0.255045082448202,"Menthol_Menthol_vs_Control"
"ko:K01551",-0.109534280295672,NA,"Menthol_Menthol_vs_Control"
"ko:K01555",-0.940594355040257,NA,"Menthol_Menthol_vs_Control"
"ko:K01596",0.706006602130895,0.0353543497268177,"Menthol_Menthol_vs_Control"
"ko:K01623",0.624268017437055,0.0579647615119243,"Menthol_Menthol_vs_Control"
"ko:K01647",-0.0568829487147754,0.930134197058459,"Menthol_Menthol_vs_Control"
"ko:K01681",-0.38273298904077,0.655976169857149,"Menthol_Menthol_vs_Control"
"ko:K01689",0.800313682755178,0.1448772938348,"Menthol_Menthol_vs_Control"
"ko:K01697",0.48478123968732,0.0353543497268177,"Menthol_Menthol_vs_Control"
"ko:K01724",0.36698079506606,NA,"Menthol_Menthol_vs_Control"
"ko:K01758",0.116903937974878,0.826944287439258,"Menthol_Menthol_vs_Control"
"ko:K01803",-1.00953164638148,NA,"Menthol_Menthol_vs_Control"
"ko:K01866",-1.44043478859866,0.0210075445119764,"Menthol_Menthol_vs_Control"
"ko:K01875",-0.890219520915244,0.299072519373088,"Menthol_Menthol_vs_Control"
"ko:K01881",-0.279983182334311,0.654757598050198,"Menthol_Menthol_vs_Control"
"ko:K01889",-1.22979830726319,0.00208307578184542,"Menthol_Menthol_vs_Control"
"ko:K01890",-0.78985061900081,0.147120239461881,"Menthol_Menthol_vs_Control"
"ko:K01892",-0.670068677589588,0.301004646948143,"Menthol_Menthol_vs_Control"
"ko:K01893",-0.667443793646513,0.249898096252149,"Menthol_Menthol_vs_Control"
"ko:K01915",-0.639631729381812,0.254451934361362,"Menthol_Menthol_vs_Control"
"ko:K01953",-0.304832368863104,0.691400973271503,"Menthol_Menthol_vs_Control"
"ko:K02078",-0.607171220426052,NA,"Menthol_Menthol_vs_Control"
"ko:K02105",-0.0506476044354044,0.91167403471404,"Menthol_Menthol_vs_Control"
"ko:K02111",-0.205631040740168,0.737463760531075,"Menthol_Menthol_vs_Control"
"ko:K02112",-0.619341511030728,0.0405396195380069,"Menthol_Menthol_vs_Control"
"ko:K02128",0.310241997268945,0.460774957050357,"Menthol_Menthol_vs_Control"
"ko:K02136",0.289314841564794,0.690965738233761,"Menthol_Menthol_vs_Control"
"ko:K02146",0.64433968899448,0.575429867107093,"Menthol_Menthol_vs_Control"
"ko:K02149",-0.406496535692888,NA,"Menthol_Menthol_vs_Control"
"ko:K02150",-0.647824649853502,0.359169179894211,"Menthol_Menthol_vs_Control"
"ko:K02151",-0.669164909316191,NA,"Menthol_Menthol_vs_Control"
"ko:K02152",-0.280454338131831,0.832804197065912,"Menthol_Menthol_vs_Control"
"ko:K02155",-0.109070278938342,0.868201220726118,"Menthol_Menthol_vs_Control"
"ko:K02183",-0.247916490016083,0.255045082448202,"Menthol_Menthol_vs_Control"
"ko:K02219",-1.57430715260181,NA,"Menthol_Menthol_vs_Control"
"ko:K02256",1.00253567055339,0.254451934361362,"Menthol_Menthol_vs_Control"
"ko:K02264",-0.0810314249670915,0.937092930549765,"Menthol_Menthol_vs_Control"
"ko:K02267",0.00498627431340039,0.988394011099949,"Menthol_Menthol_vs_Control"
"ko:K02437",-1.02266123426472,NA,"Menthol_Menthol_vs_Control"
"ko:K02503",1.10504115897803,NA,"Menthol_Menthol_vs_Control"
"ko:K02635",-5.01088245957345,9.88365546459829e-05,"Menthol_Menthol_vs_Control"
"ko:K02703",-8.82960931928661,7.30122844664746e-20,"Menthol_Menthol_vs_Control"
"ko:K02704",-6.19144269067472,8.3675474914535e-11,"Menthol_Menthol_vs_Control"
"ko:K02705",-6.13887358496679,3.93733872783095e-10,"Menthol_Menthol_vs_Control"
"ko:K02706",-5.99196039517821,1.41850061689831e-10,"Menthol_Menthol_vs_Control"
"ko:K02725",0.484321276406623,NA,"Menthol_Menthol_vs_Control"
"ko:K02726",-0.369914775583671,NA,"Menthol_Menthol_vs_Control"
"ko:K02728",-0.197146269241454,0.867678918044667,"Menthol_Menthol_vs_Control"
"ko:K02729",-1.8573431986387,NA,"Menthol_Menthol_vs_Control"
"ko:K02730",-0.980911469773972,NA,"Menthol_Menthol_vs_Control"
"ko:K02731",-1.61947892105447,NA,"Menthol_Menthol_vs_Control"
"ko:K02732",-0.869890757040155,0.359169179894211,"Menthol_Menthol_vs_Control"
"ko:K02734",-0.508895844878531,0.693127308406562,"Menthol_Menthol_vs_Control"
"ko:K02738",-0.165644176102687,NA,"Menthol_Menthol_vs_Control"
"ko:K02739",-0.00650907702390822,NA,"Menthol_Menthol_vs_Control"
"ko:K02740",-0.0644545035166638,NA,"Menthol_Menthol_vs_Control"
"ko:K02865",0.0461078322298608,0.868201220726118,"Menthol_Menthol_vs_Control"
"ko:K02866",0.0406840881542316,0.867678918044667,"Menthol_Menthol_vs_Control"
"ko:K02868",0.00633186249389719,0.976907203762726,"Menthol_Menthol_vs_Control"
"ko:K02870",-0.224579314508108,0.249220289247855,"Menthol_Menthol_vs_Control"
"ko:K02872",0.014500447550963,0.964833857827015,"Menthol_Menthol_vs_Control"
"ko:K02873",-0.00846260136788431,0.966001085479007,"Menthol_Menthol_vs_Control"
"ko:K02877",0.102404371194955,0.768879428031895,"Menthol_Menthol_vs_Control"
"ko:K02880",-0.131723554293128,0.772877324042209,"Menthol_Menthol_vs_Control"
"ko:K02882",0.0901516855044688,0.773831016466048,"Menthol_Menthol_vs_Control"
"ko:K02883",-0.0905181830985374,0.74163080030457,"Menthol_Menthol_vs_Control"
"ko:K02885",-0.224062222672032,0.391572951224863,"Menthol_Menthol_vs_Control"
"ko:K02889",0.0810239693132099,0.815343968949842,"Menthol_Menthol_vs_Control"
"ko:K02891",0.123502014231337,0.778956662058425,"Menthol_Menthol_vs_Control"
"ko:K02893",0.106807195081035,0.735755993241886,"Menthol_Menthol_vs_Control"
"ko:K02894",-0.0851887942483436,0.867678918044667,"Menthol_Menthol_vs_Control"
"ko:K02896",0.0504657838096623,0.868201220726118,"Menthol_Menthol_vs_Control"
"ko:K02898",-0.124129587182052,0.758175879498901,"Menthol_Menthol_vs_Control"
"ko:K02900",-0.0574575730482796,0.867678918044667,"Menthol_Menthol_vs_Control"
"ko:K02901",-0.0664185648668115,0.82397140064922,"Menthol_Menthol_vs_Control"
"ko:K02905",-0.0244065574316962,0.943029902857904,"Menthol_Menthol_vs_Control"
"ko:K02908",0.147935758980528,0.690965738233761,"Menthol_Menthol_vs_Control"
"ko:K02910",-0.35179162136022,0.101598573208117,"Menthol_Menthol_vs_Control"
"ko:K02912",0.0316037238568881,0.921607288979043,"Menthol_Menthol_vs_Control"
"ko:K02915",-0.0265000302180852,0.936925574480897,"Menthol_Menthol_vs_Control"
"ko:K02917",0.207730643628336,0.46767167628307,"Menthol_Menthol_vs_Control"
"ko:K02918",-0.254663272612203,0.420643738697172,"Menthol_Menthol_vs_Control"
"ko:K02920",-0.116887102602828,0.798875387625238,"Menthol_Menthol_vs_Control"
"ko:K02921",-0.10334680341083,0.843844396605549,"Menthol_Menthol_vs_Control"
"ko:K02922",-0.104107567996301,0.841155653874509,"Menthol_Menthol_vs_Control"
"ko:K02923",0.0724507238548626,0.868201220726118,"Menthol_Menthol_vs_Control"
"ko:K02924",-0.170657635496638,0.74163080030457,"Menthol_Menthol_vs_Control"
"ko:K02925",-0.0725967942682462,0.841155653874509,"Menthol_Menthol_vs_Control"
"ko:K02929",-0.0274120823988982,0.930134197058459,"Menthol_Menthol_vs_Control"
"ko:K02930",0.194242107573288,0.299072519373088,"Menthol_Menthol_vs_Control"
"ko:K02932",0.120841386789101,0.577673353766057,"Menthol_Menthol_vs_Control"
"ko:K02936",0.00692101901151056,0.976907203762726,"Menthol_Menthol_vs_Control"
"ko:K02937",-0.217378928092026,0.299072519373088,"Menthol_Menthol_vs_Control"
"ko:K02938",-0.0115719774758445,0.965188879200481,"Menthol_Menthol_vs_Control"
"ko:K02940",0.0327399304496021,0.917837404067893,"Menthol_Menthol_vs_Control"
"ko:K02941",0.238966946866256,0.239928596484027,"Menthol_Menthol_vs_Control"
"ko:K02947",-0.0637333818375481,0.798875387625238,"Menthol_Menthol_vs_Control"
"ko:K02949",0.118696465503669,0.749315065415681,"Menthol_Menthol_vs_Control"
"ko:K02951",-0.0781402807732078,0.778956662058425,"Menthol_Menthol_vs_Control"
"ko:K02953",0.137204404937352,0.74163080030457,"Menthol_Menthol_vs_Control"
"ko:K02955",-0.0135948314600155,0.965188879200481,"Menthol_Menthol_vs_Control"
"ko:K02957",0.0858027372527658,0.77627216230561,"Menthol_Menthol_vs_Control"
"ko:K02958",-0.0224683030083935,0.941885148015392,"Menthol_Menthol_vs_Control"
"ko:K02960",0.126416259444119,0.768879428031895,"Menthol_Menthol_vs_Control"
"ko:K02962",0.29513738307776,0.254451934361362,"Menthol_Menthol_vs_Control"
"ko:K02964",-0.123993634600901,0.735755993241886,"Menthol_Menthol_vs_Control"
"ko:K02966",-0.110656766148581,0.774699293397908,"Menthol_Menthol_vs_Control"
"ko:K02969",-0.0702559470058576,0.815343968949842,"Menthol_Menthol_vs_Control"
"ko:K02971",0.0551493321144931,0.868322886773286,"Menthol_Menthol_vs_Control"
"ko:K02973",-0.0497441515042259,0.899368531444172,"Menthol_Menthol_vs_Control"
"ko:K02974",0.0210472922544572,0.94730737769495,"Menthol_Menthol_vs_Control"
"ko:K02975",0.0962551274144335,0.795571571250212,"Menthol_Menthol_vs_Control"
"ko:K02976",0.120140353169528,0.74163080030457,"Menthol_Menthol_vs_Control"
"ko:K02978",0.0322648534654052,0.930134197058459,"Menthol_Menthol_vs_Control"
"ko:K02979",0.182566498690665,0.721305770260018,"Menthol_Menthol_vs_Control"
"ko:K02980",0.382840021079868,0.343309265505874,"Menthol_Menthol_vs_Control"
"ko:K02981",-0.100169715833973,0.664976489215196,"Menthol_Menthol_vs_Control"
"ko:K02983",0.0570360031022215,0.868322886773286,"Menthol_Menthol_vs_Control"
"ko:K02984",0.0220793017228496,0.921607288979043,"Menthol_Menthol_vs_Control"
"ko:K02985",-0.185115601000025,0.442693322000282,"Menthol_Menthol_vs_Control"
"ko:K02987",0.0285599784372875,0.91167403471404,"Menthol_Menthol_vs_Control"
"ko:K02991",-0.232637199714324,0.452965310027853,"Menthol_Menthol_vs_Control"
"ko:K02992",0.125567661231965,0.634711431944284,"Menthol_Menthol_vs_Control"
"ko:K02993",0.126462887586075,0.655976169857149,"Menthol_Menthol_vs_Control"
"ko:K02995",-0.115199506591234,0.693127308406562,"Menthol_Menthol_vs_Control"
"ko:K02997",0.17588464102924,0.341683092267723,"Menthol_Menthol_vs_Control"
"ko:K02998",0.294558407561477,0.0794344235653444,"Menthol_Menthol_vs_Control"
"ko:K03007",-0.450218117761951,NA,"Menthol_Menthol_vs_Control"
"ko:K03008",-0.0430447025947851,NA,"Menthol_Menthol_vs_Control"
"ko:K03012",-0.5347762733436,NA,"Menthol_Menthol_vs_Control"
"ko:K03014",-0.882908204872712,NA,"Menthol_Menthol_vs_Control"
"ko:K03015",-2.17344314952068,NA,"Menthol_Menthol_vs_Control"
"ko:K03017",-1.05503597873747,NA,"Menthol_Menthol_vs_Control"
"ko:K03030",-0.443991162172141,NA,"Menthol_Menthol_vs_Control"
"ko:K03031",-0.85214165768557,0.398475373273139,"Menthol_Menthol_vs_Control"
"ko:K03038",-1.22200431314951,NA,"Menthol_Menthol_vs_Control"
"ko:K03065",-1.77287732890513,NA,"Menthol_Menthol_vs_Control"
"ko:K03083",-0.647731504318447,0.299072519373088,"Menthol_Menthol_vs_Control"
"ko:K03094",-0.367440415512984,0.790962300967678,"Menthol_Menthol_vs_Control"
"ko:K03109",-1.45015134516221,NA,"Menthol_Menthol_vs_Control"
"ko:K03113",-0.493188088780398,0.255045082448202,"Menthol_Menthol_vs_Control"
"ko:K03115",-0.299583151496254,0.74163080030457,"Menthol_Menthol_vs_Control"
"ko:K03123",0.208434691433557,NA,"Menthol_Menthol_vs_Control"
"ko:K03231",-0.105670446804291,0.460774957050357,"Menthol_Menthol_vs_Control"
"ko:K03232",-0.0594911874732356,0.867678918044667,"Menthol_Menthol_vs_Control"
"ko:K03233",0.112995989193485,0.629345884974278,"Menthol_Menthol_vs_Control"
"ko:K03234",-0.0237659446370184,0.902666269887418,"Menthol_Menthol_vs_Control"
"ko:K03236",-0.74744324329316,0.256081320979683,"Menthol_Menthol_vs_Control"
"ko:K03237",-0.487968582381525,0.655976169857149,"Menthol_Menthol_vs_Control"
"ko:K03246",0.0373384255400131,0.965188879200481,"Menthol_Menthol_vs_Control"
"ko:K03247",-1.36728082138351,0.0201348630848994,"Menthol_Menthol_vs_Control"
"ko:K03250",-0.60496237611857,0.513201579194786,"Menthol_Menthol_vs_Control"
"ko:K03251",-0.245340962365544,0.798242448460197,"Menthol_Menthol_vs_Control"
"ko:K03262",-0.469746867519571,0.434123274797239,"Menthol_Menthol_vs_Control"
"ko:K03263",-0.188862635722558,0.575429867107093,"Menthol_Menthol_vs_Control"
"ko:K03283",-0.441213161518231,0.249220289247855,"Menthol_Menthol_vs_Control"
"ko:K03521",-0.166144625391021,0.867678918044667,"Menthol_Menthol_vs_Control"
"ko:K03522",-0.300611053738166,0.772877324042209,"Menthol_Menthol_vs_Control"
"ko:K03626",0.0641948559051021,0.867678918044667,"Menthol_Menthol_vs_Control"
"ko:K03627",-0.803404445956733,0.445762429532184,"Menthol_Menthol_vs_Control"
"ko:K03635",-1.38338965284635,NA,"Menthol_Menthol_vs_Control"
"ko:K03661",-0.201367662352805,0.841155653874509,"Menthol_Menthol_vs_Control"
"ko:K03768",-0.31034119412189,0.627776444313096,"Menthol_Menthol_vs_Control"
"ko:K03781",0.917582317626812,2.41368126344462e-07,"Menthol_Menthol_vs_Control"
"ko:K03868",-0.152140170234953,NA,"Menthol_Menthol_vs_Control"
"ko:K03872",-0.161209647821234,0.867678918044667,"Menthol_Menthol_vs_Control"
"ko:K03873",-0.706731461639768,0.305802904985839,"Menthol_Menthol_vs_Control"
"ko:K03936",-0.16201788638022,0.881258908013571,"Menthol_Menthol_vs_Control"
"ko:K03942",-0.56448181117735,0.629345884974278,"Menthol_Menthol_vs_Control"
"ko:K03943",0.142164841717298,NA,"Menthol_Menthol_vs_Control"
"ko:K03949",0.465258714263445,NA,"Menthol_Menthol_vs_Control"
"ko:K03950",0.383339522303328,NA,"Menthol_Menthol_vs_Control"
"ko:K04043",-0.729018194143309,0.391572951224863,"Menthol_Menthol_vs_Control"
"ko:K04077",0.743234219987756,0.299072519373088,"Menthol_Menthol_vs_Control"
"ko:K04078",-0.733537817314238,NA,"Menthol_Menthol_vs_Control"
"ko:K04079",-1.36167338412286,4.96544500417297e-08,"Menthol_Menthol_vs_Control"
"ko:K04345",-0.127634546247962,0.88140782997269,"Menthol_Menthol_vs_Control"
"ko:K04348",-0.161442547160294,NA,"Menthol_Menthol_vs_Control"
"ko:K04354",0.0537182852996024,0.945677741681666,"Menthol_Menthol_vs_Control"
"ko:K04364",-0.634670805150225,0.254451934361362,"Menthol_Menthol_vs_Control"
"ko:K04369",-0.625872138008154,0.577673353766057,"Menthol_Menthol_vs_Control"
"ko:K04370",-0.836399504373109,NA,"Menthol_Menthol_vs_Control"
"ko:K04371",-0.281339196065868,NA,"Menthol_Menthol_vs_Control"
"ko:K04392",0.683420280438676,NA,"Menthol_Menthol_vs_Control"
"ko:K04393",-0.516645122855968,0.000881147520844212,"Menthol_Menthol_vs_Control"
"ko:K04431",-0.761254873681563,NA,"Menthol_Menthol_vs_Control"
"ko:K04444",-0.505557612207523,0.460774957050357,"Menthol_Menthol_vs_Control"
"ko:K04456",-0.100359832937203,0.870566566410712,"Menthol_Menthol_vs_Control"
"ko:K04500",-0.94157166912968,0.299072519373088,"Menthol_Menthol_vs_Control"
"ko:K04503",0.37801031031151,0.249220289247855,"Menthol_Menthol_vs_Control"
"ko:K04505",-0.297677905926939,0.77627216230561,"Menthol_Menthol_vs_Control"
"ko:K04536",-0.314788958046441,0.337448685852568,"Menthol_Menthol_vs_Control"
"ko:K04552",-0.755566959918051,0.206472078091407,"Menthol_Menthol_vs_Control"
"ko:K04565",0.970103060422757,0.337448685852568,"Menthol_Menthol_vs_Control"
"ko:K04567",-0.670641765138247,0.299072519373088,"Menthol_Menthol_vs_Control"
"ko:K04630",-0.419921193408753,0.15369028206798,"Menthol_Menthol_vs_Control"
"ko:K04635",-1.17921632816861,NA,"Menthol_Menthol_vs_Control"
"ko:K04712",0.329575334316921,0.254451934361362,"Menthol_Menthol_vs_Control"
"ko:K04739",0.576602315052624,0.629345884974278,"Menthol_Menthol_vs_Control"
"ko:K04802",-0.891877669506529,NA,"Menthol_Menthol_vs_Control"
"ko:K05687",0.431225586887523,NA,"Menthol_Menthol_vs_Control"
"ko:K05692",0.656593156615954,0.00252992231234007,"Menthol_Menthol_vs_Control"
"ko:K05752",-0.641300084273949,NA,"Menthol_Menthol_vs_Control"
"ko:K05754",-0.321114458840684,0.588060977303918,"Menthol_Menthol_vs_Control"
"ko:K05755",-0.633128249913355,0.301004646948143,"Menthol_Menthol_vs_Control"
"ko:K05756",-0.730387387417358,0.333185516456902,"Menthol_Menthol_vs_Control"
"ko:K05757",0.289982436787876,0.391572951224863,"Menthol_Menthol_vs_Control"
"ko:K05758",-0.533513491047104,0.254451934361362,"Menthol_Menthol_vs_Control"
"ko:K05759",-0.158277613323774,0.664976489215196,"Menthol_Menthol_vs_Control"
"ko:K05863",0.100853884186648,0.735755993241886,"Menthol_Menthol_vs_Control"
"ko:K06215",-0.798947944206544,0.255045082448202,"Menthol_Menthol_vs_Control"
"ko:K06268",-0.623650811131321,0.38831453337008,"Menthol_Menthol_vs_Control"
"ko:K06269",-0.581742043261459,0.252163588508522,"Menthol_Menthol_vs_Control"
"ko:K06685",-0.569883302123036,0.46767167628307,"Menthol_Menthol_vs_Control"
"ko:K06689",0.157089592952645,0.787336819119844,"Menthol_Menthol_vs_Control"
"ko:K06704",-0.0635688898265307,0.964833857827015,"Menthol_Menthol_vs_Control"
"ko:K06875",-0.406296698456208,NA,"Menthol_Menthol_vs_Control"
"ko:K06943",0.0885454477410958,0.867678918044667,"Menthol_Menthol_vs_Control"
"ko:K07151",0.227668544310604,0.655976169857149,"Menthol_Menthol_vs_Control"
"ko:K07192",-0.144639112231984,0.797848306520593,"Menthol_Menthol_vs_Control"
"ko:K07205",0.388148735017704,0.249898096252149,"Menthol_Menthol_vs_Control"
"ko:K07213",-1.59814816289621,NA,"Menthol_Menthol_vs_Control"
"ko:K07342",-0.152012782223542,0.74163080030457,"Menthol_Menthol_vs_Control"
"ko:K07374",0.124191447987791,0.809697400296152,"Menthol_Menthol_vs_Control"
"ko:K07375",0.620214930902987,0.00252992231234007,"Menthol_Menthol_vs_Control"
"ko:K07509",-0.0950909811117929,0.91328924936966,"Menthol_Menthol_vs_Control"
"ko:K07827",-0.0233258998654008,0.965188879200481,"Menthol_Menthol_vs_Control"
"ko:K07874",-0.434112832254927,0.0368542964975442,"Menthol_Menthol_vs_Control"
"ko:K07887",-0.317025950500293,0.366124503911796,"Menthol_Menthol_vs_Control"
"ko:K07890",-0.249696162433415,0.728941572452607,"Menthol_Menthol_vs_Control"
"ko:K07891",-1.12544094589845,NA,"Menthol_Menthol_vs_Control"
"ko:K07893",-0.692515318909313,0.514848958525384,"Menthol_Menthol_vs_Control"
"ko:K07897",0.173964584935727,0.659218621256198,"Menthol_Menthol_vs_Control"
"ko:K07901",0.323302679414886,0.760215972636305,"Menthol_Menthol_vs_Control"
"ko:K07910",-0.243905036461551,0.867678918044667,"Menthol_Menthol_vs_Control"
"ko:K07918",-0.772543036650472,0.255045082448202,"Menthol_Menthol_vs_Control"
"ko:K07936",-0.802203651553746,0.0720239725085382,"Menthol_Menthol_vs_Control"
"ko:K07937",0.0995290892546299,0.735755993241886,"Menthol_Menthol_vs_Control"
"ko:K07950",-0.633711974310749,NA,"Menthol_Menthol_vs_Control"
"ko:K07952",0.123008032543497,NA,"Menthol_Menthol_vs_Control"
"ko:K07953",-0.577018477634769,0.575429867107093,"Menthol_Menthol_vs_Control"
"ko:K07955",-0.396586869877549,0.460774957050357,"Menthol_Menthol_vs_Control"
"ko:K07976",-0.0889966722406286,0.868201220726118,"Menthol_Menthol_vs_Control"
"ko:K08007",-0.528674539526646,0.192656495050098,"Menthol_Menthol_vs_Control"
"ko:K08056",-0.54525747664858,0.252163588508522,"Menthol_Menthol_vs_Control"
"ko:K08057",-0.970857953047368,0.000347771107667095,"Menthol_Menthol_vs_Control"
"ko:K08341",0.0472351478898552,0.91167403471404,"Menthol_Menthol_vs_Control"
"ko:K08515",0.00606820662817858,NA,"Menthol_Menthol_vs_Control"
"ko:K08516",-0.787815219716642,NA,"Menthol_Menthol_vs_Control"
"ko:K08548",-0.665838930944657,0.0488397116289467,"Menthol_Menthol_vs_Control"
"ko:K08568",-0.198091228052067,0.77627216230561,"Menthol_Menthol_vs_Control"
"ko:K08738",-0.071555357475699,0.790962300967678,"Menthol_Menthol_vs_Control"
"ko:K08762",-0.725452894431219,NA,"Menthol_Menthol_vs_Control"
"ko:K08764",0.843257213726454,0.015796681491791,"Menthol_Menthol_vs_Control"
"ko:K08794",-0.536813860874678,0.552746408410985,"Menthol_Menthol_vs_Control"
"ko:K08824",0.841929953562426,NA,"Menthol_Menthol_vs_Control"
"ko:K08870",-0.799047876540571,0.305802904985839,"Menthol_Menthol_vs_Control"
"ko:K08872",0.196113616455145,0.790962300967678,"Menthol_Menthol_vs_Control"
"ko:K08957",0.108054445233068,0.867678918044667,"Menthol_Menthol_vs_Control"
"ko:K08958",-0.18727936493481,0.825297722841131,"Menthol_Menthol_vs_Control"
"ko:K08967",-0.182666357603592,0.790962300967678,"Menthol_Menthol_vs_Control"
"ko:K09022",-0.472920906783887,NA,"Menthol_Menthol_vs_Control"
"ko:K09398",-0.151316733785436,0.881258908013571,"Menthol_Menthol_vs_Control"
"ko:K09455",-0.378793557435549,0.425698199016483,"Menthol_Menthol_vs_Control"
"ko:K09481",-0.158087518276485,0.790962300967678,"Menthol_Menthol_vs_Control"
"ko:K09490",-1.47163769665854,0.0060284800951903,"Menthol_Menthol_vs_Control"
"ko:K09499",-0.498667036059767,0.586845957099501,"Menthol_Menthol_vs_Control"
"ko:K09567",-0.0176480254138491,0.965188879200481,"Menthol_Menthol_vs_Control"
"ko:K09568",-0.260033417989611,0.760215972636305,"Menthol_Menthol_vs_Control"
"ko:K09569",0.347820074522236,NA,"Menthol_Menthol_vs_Control"
"ko:K09570",0.255494543806651,NA,"Menthol_Menthol_vs_Control"
"ko:K09580",-0.125079993283716,0.74163080030457,"Menthol_Menthol_vs_Control"
"ko:K09584",-1.30278645806545,0.0146779005189241,"Menthol_Menthol_vs_Control"
"ko:K09595",-0.644973424071567,0.299072519373088,"Menthol_Menthol_vs_Control"
"ko:K09667",0.186968576668705,0.843844396605549,"Menthol_Menthol_vs_Control"
"ko:K10355",0.573883936972041,0.0766079730338255,"Menthol_Menthol_vs_Control"
"ko:K10364",-0.457972394782591,0.359169179894211,"Menthol_Menthol_vs_Control"
"ko:K10365",-0.183792727012836,0.771244640356551,"Menthol_Menthol_vs_Control"
"ko:K10411",0.0746886627040558,NA,"Menthol_Menthol_vs_Control"
"ko:K10418",-0.391943149194571,0.549514365319541,"Menthol_Menthol_vs_Control"
"ko:K10419",-0.0156299032870644,0.976907203762726,"Menthol_Menthol_vs_Control"
"ko:K10420",-1.05011254981401,0.255045082448202,"Menthol_Menthol_vs_Control"
"ko:K10427",-1.44932551130613,NA,"Menthol_Menthol_vs_Control"
"ko:K10435",-0.188305920855722,0.798447138314105,"Menthol_Menthol_vs_Control"
"ko:K10436",-0.64750926395312,0.254451934361362,"Menthol_Menthol_vs_Control"
"ko:K10573",0.136793732646998,0.866924102607156,"Menthol_Menthol_vs_Control"
"ko:K10575",-0.545446904349061,0.479323504234463,"Menthol_Menthol_vs_Control"
"ko:K10576",-0.571043569900669,NA,"Menthol_Menthol_vs_Control"
"ko:K10577",-0.394560859258343,NA,"Menthol_Menthol_vs_Control"
"ko:K10580",-0.669855597457529,0.163822767109059,"Menthol_Menthol_vs_Control"
"ko:K10582",-0.312038437913678,0.74163080030457,"Menthol_Menthol_vs_Control"
"ko:K10583",-1.50087147363188,NA,"Menthol_Menthol_vs_Control"
"ko:K10688",-0.246457355687534,NA,"Menthol_Menthol_vs_Control"
"ko:K10704",-0.601043937743934,0.586845957099501,"Menthol_Menthol_vs_Control"
"ko:K10752",-0.851435407476235,0.359169179894211,"Menthol_Menthol_vs_Control"
"ko:K10949",-0.638460274364913,0.461349155332799,"Menthol_Menthol_vs_Control"
"ko:K10956",0.257202075047297,0.399963600108607,"Menthol_Menthol_vs_Control"
"ko:K11087",-1.01761123227276,NA,"Menthol_Menthol_vs_Control"
"ko:K11088",-0.984248872881049,0.249898096252149,"Menthol_Menthol_vs_Control"
"ko:K11096",-0.992235394784167,NA,"Menthol_Menthol_vs_Control"
"ko:K11098",-0.510912567540115,NA,"Menthol_Menthol_vs_Control"
"ko:K11099",0.931081349064271,NA,"Menthol_Menthol_vs_Control"
"ko:K11130",-1.16854880179525,NA,"Menthol_Menthol_vs_Control"
"ko:K11188",0.343107389663278,0.453932839110518,"Menthol_Menthol_vs_Control"
"ko:K11251",-0.18881386477017,0.774699293397908,"Menthol_Menthol_vs_Control"
"ko:K11252",-0.012479599082291,0.976907203762726,"Menthol_Menthol_vs_Control"
"ko:K11253",-0.290560567646221,0.305802904985839,"Menthol_Menthol_vs_Control"
"ko:K11254",0.389217928016706,NA,"Menthol_Menthol_vs_Control"
"ko:K11279",-0.474182524147252,0.656835039634263,"Menthol_Menthol_vs_Control"
"ko:K11495",-1.25131421313834,NA,"Menthol_Menthol_vs_Control"
"ko:K11584",-0.370598168730072,0.622464202260666,"Menthol_Menthol_vs_Control"
"ko:K11663",0.887051337777777,NA,"Menthol_Menthol_vs_Control"
"ko:K11827",-0.304711318741386,0.790962300967678,"Menthol_Menthol_vs_Control"
"ko:K11968",0.168123067593237,0.868201220726118,"Menthol_Menthol_vs_Control"
"ko:K11980",0.162689194024492,0.868322886773286,"Menthol_Menthol_vs_Control"
"ko:K12158",-0.235868065735477,0.192656495050098,"Menthol_Menthol_vs_Control"
"ko:K12160",-1.30620056666898,0.0583378621839691,"Menthol_Menthol_vs_Control"
"ko:K12162",-1.39846943080847,NA,"Menthol_Menthol_vs_Control"
"ko:K12165",-1.21805719383846,NA,"Menthol_Menthol_vs_Control"
"ko:K12191",-0.0938182358087092,0.91167403471404,"Menthol_Menthol_vs_Control"
"ko:K12194",0.288208565611763,0.798392846273867,"Menthol_Menthol_vs_Control"
"ko:K12197",-0.225505586397427,0.772877324042209,"Menthol_Menthol_vs_Control"
"ko:K12198",-0.288282342195595,0.734380451485928,"Menthol_Menthol_vs_Control"
"ko:K12393",-0.339013638472995,0.74163080030457,"Menthol_Menthol_vs_Control"
"ko:K12394",0.198942803041408,0.868201220726118,"Menthol_Menthol_vs_Control"
"ko:K12398",-0.0170658141875109,NA,"Menthol_Menthol_vs_Control"
"ko:K12399",-0.81888565019585,NA,"Menthol_Menthol_vs_Control"
"ko:K12462",-0.710166895633896,0.206472078091407,"Menthol_Menthol_vs_Control"
"ko:K12581",-0.738660585249285,NA,"Menthol_Menthol_vs_Control"
"ko:K12602",-0.122973097419004,NA,"Menthol_Menthol_vs_Control"
"ko:K12621",-1.23491622943467,NA,"Menthol_Menthol_vs_Control"
"ko:K12622",-1.27539225052841,NA,"Menthol_Menthol_vs_Control"
"ko:K12625",-1.016466264808,NA,"Menthol_Menthol_vs_Control"
"ko:K12668",0.269932404369696,0.693127308406562,"Menthol_Menthol_vs_Control"
"ko:K12669",-0.390637529660579,0.73210555363339,"Menthol_Menthol_vs_Control"
"ko:K12670",0.0322649992319522,0.947990176855176,"Menthol_Menthol_vs_Control"
"ko:K12734",-0.574151792472624,NA,"Menthol_Menthol_vs_Control"
"ko:K12751",0.0395069130559849,0.966001085479007,"Menthol_Menthol_vs_Control"
"ko:K12757",0.113901428235727,0.809697400296152,"Menthol_Menthol_vs_Control"
"ko:K12812",-0.524576205891151,0.355151691768557,"Menthol_Menthol_vs_Control"
"ko:K12823",0.599799745171397,0.1448772938348,"Menthol_Menthol_vs_Control"
"ko:K12826",-0.962198113977697,NA,"Menthol_Menthol_vs_Control"
"ko:K12828",-0.0485595686927741,0.936925574480897,"Menthol_Menthol_vs_Control"
"ko:K12832",-0.418268722393599,NA,"Menthol_Menthol_vs_Control"
"ko:K12833",-0.668878662716544,NA,"Menthol_Menthol_vs_Control"
"ko:K12845",-0.197409606643572,0.867678918044667,"Menthol_Menthol_vs_Control"
"ko:K12859",-0.470209853191034,NA,"Menthol_Menthol_vs_Control"
"ko:K12873",-0.276484844328714,NA,"Menthol_Menthol_vs_Control"
"ko:K12877",-0.755585750399734,0.305802904985839,"Menthol_Menthol_vs_Control"
"ko:K12947",-0.69824815806411,NA,"Menthol_Menthol_vs_Control"
"ko:K12948",1.01831416194796,NA,"Menthol_Menthol_vs_Control"
"ko:K13025",0.228728784351335,0.1448772938348,"Menthol_Menthol_vs_Control"
"ko:K13120",-1.99333447209491,NA,"Menthol_Menthol_vs_Control"
"ko:K13126",-0.0446435046960089,0.868201220726118,"Menthol_Menthol_vs_Control"
"ko:K13176",-1.03902623115032,NA,"Menthol_Menthol_vs_Control"
"ko:K13251",0.133614707048811,0.773831016466048,"Menthol_Menthol_vs_Control"
"ko:K13758",-0.776487542797599,0.299072519373088,"Menthol_Menthol_vs_Control"
"ko:K13785",0.123172390205081,0.772877324042209,"Menthol_Menthol_vs_Control"
"ko:K14286",1.37484155397491,0.54744661912016,"Menthol_Menthol_vs_Control"
"ko:K14324",-1.3932936683328,NA,"Menthol_Menthol_vs_Control"
"ko:K14394",1.04177334700793,NA,"Menthol_Menthol_vs_Control"
"ko:K14397",-0.487925248751256,0.619507094035772,"Menthol_Menthol_vs_Control"
"ko:K14455",0.483384220101166,NA,"Menthol_Menthol_vs_Control"
"ko:K14458",1.21229459539295,0.176339060173403,"Menthol_Menthol_vs_Control"
"ko:K14568",-0.837385751559491,NA,"Menthol_Menthol_vs_Control"
"ko:K14753",0.0429885172556441,0.867678918044667,"Menthol_Menthol_vs_Control"
"ko:K14803",0.112117266663128,NA,"Menthol_Menthol_vs_Control"
"ko:K14963",-0.598355123879478,NA,"Menthol_Menthol_vs_Control"
"ko:K14965",-0.162526927236226,NA,"Menthol_Menthol_vs_Control"
"ko:K15025",-0.822339092721431,NA,"Menthol_Menthol_vs_Control"
"ko:K15028",-0.37053470361173,NA,"Menthol_Menthol_vs_Control"
"ko:K15040",0.369488286879978,0.301004646948143,"Menthol_Menthol_vs_Control"
"ko:K15102",0.0518390097333533,0.868201220726118,"Menthol_Menthol_vs_Control"
"ko:K15103",0.972017424020126,0.254451934361362,"Menthol_Menthol_vs_Control"
"ko:K15423",-0.947581102806484,0.305802904985839,"Menthol_Menthol_vs_Control"
"ko:K15523",0.121113078023685,0.894922186036443,"Menthol_Menthol_vs_Control"
"ko:K15544",0.249504816379404,NA,"Menthol_Menthol_vs_Control"
"ko:K15620",-0.616892629299802,0.434123274797239,"Menthol_Menthol_vs_Control"
"ko:K16185",-0.299890881574591,0.790962300967678,"Menthol_Menthol_vs_Control"
"ko:K16186",0.229336323350713,0.74163080030457,"Menthol_Menthol_vs_Control"
"ko:K16197",-0.277446582639355,0.249220289247855,"Menthol_Menthol_vs_Control"
"ko:K16344",-0.0950445301350207,0.924792812299588,"Menthol_Menthol_vs_Control"
"ko:K16575",-0.00229489524897129,NA,"Menthol_Menthol_vs_Control"
"ko:K16794",-0.979782190046877,0.206472078091407,"Menthol_Menthol_vs_Control"
"ko:K17080",-0.541244531959634,0.425698199016483,"Menthol_Menthol_vs_Control"
"ko:K17081",-0.774619678627171,0.299072519373088,"Menthol_Menthol_vs_Control"
"ko:K17087",-0.0537885913428344,0.930134197058459,"Menthol_Menthol_vs_Control"
"ko:K17093",-0.670831220328061,0.405117226392118,"Menthol_Menthol_vs_Control"
"ko:K17254",0.308835056575423,0.305802904985839,"Menthol_Menthol_vs_Control"
"ko:K17255",0.108362323384532,0.841155653874509,"Menthol_Menthol_vs_Control"
"ko:K17260",-0.202643203958766,0.790962300967678,"Menthol_Menthol_vs_Control"
"ko:K17266",-0.0595361589497478,0.930134197058459,"Menthol_Menthol_vs_Control"
"ko:K17268",0.355107218820751,0.735755993241886,"Menthol_Menthol_vs_Control"
"ko:K17286",0.0541011237843567,0.917837404067893,"Menthol_Menthol_vs_Control"
"ko:K17292",-0.325509839910067,0.77627216230561,"Menthol_Menthol_vs_Control"
"ko:K17497",-0.0927387654983303,0.930134197058459,"Menthol_Menthol_vs_Control"
"ko:K17771",-0.356152182264651,NA,"Menthol_Menthol_vs_Control"
"ko:K17780",-0.338309733935046,NA,"Menthol_Menthol_vs_Control"
"ko:K17795",-0.425600451395529,NA,"Menthol_Menthol_vs_Control"
"ko:K17918",0.343073558367863,0.74163080030457,"Menthol_Menthol_vs_Control"
"ko:K17920",-0.587120530706154,0.249220289247855,"Menthol_Menthol_vs_Control"
"ko:K18041",0.457516578602638,0.451339881943094,"Menthol_Menthol_vs_Control"
"ko:K18211",0.0769438803935756,NA,"Menthol_Menthol_vs_Control"
"ko:K18269",-0.543698973553197,0.655976169857149,"Menthol_Menthol_vs_Control"
"ko:K18466",-0.0796669492584864,0.906160537481258,"Menthol_Menthol_vs_Control"
"ko:K18467",-0.814395715768283,0.255045082448202,"Menthol_Menthol_vs_Control"
"ko:K18584",-0.0198069658458627,0.976736481653439,"Menthol_Menthol_vs_Control"
"ko:K18617",0.118992323793092,0.832804197065912,"Menthol_Menthol_vs_Control"
"ko:K18646",-0.977253650512359,NA,"Menthol_Menthol_vs_Control"
"ko:K19400",-0.513712429484086,0.728994320489516,"Menthol_Menthol_vs_Control"
"ko:K19682",-0.016454756244727,0.976907203762726,"Menthol_Menthol_vs_Control"
"ko:K19765",-0.570156978733793,0.495953325236658,"Menthol_Menthol_vs_Control"
"ko:K19788",-1.7020054307202,NA,"Menthol_Menthol_vs_Control"
"ko:K19931",-0.717326161452891,0.434718179095496,"Menthol_Menthol_vs_Control"
"ko:K19932",0.149842396110464,0.867678918044667,"Menthol_Menthol_vs_Control"
"ko:K20011",-0.644139433535594,0.2627822154152,"Menthol_Menthol_vs_Control"
"ko:K20301",-0.450349948435738,NA,"Menthol_Menthol_vs_Control"
"ko:K20302",0.293829454154196,NA,"Menthol_Menthol_vs_Control"
"ko:K20346",-0.602136325405155,NA,"Menthol_Menthol_vs_Control"
"ko:K20347",-0.435088582120963,0.74163080030457,"Menthol_Menthol_vs_Control"
"ko:K20350",-0.18883396337648,NA,"Menthol_Menthol_vs_Control"
"ko:K20352",-0.461233850062717,0.496527433356587,"Menthol_Menthol_vs_Control"
"ko:K20369",0.142938330325072,0.760215972636305,"Menthol_Menthol_vs_Control"
"ko:K20398",-0.486555807313147,0.671430661119823,"Menthol_Menthol_vs_Control"
"ko:K20399",0.342127741699876,NA,"Menthol_Menthol_vs_Control"
"ko:K20472",0.344409165762731,0.760215972636305,"Menthol_Menthol_vs_Control"
"ko:K20791",1.35730404718052,NA,"Menthol_Menthol_vs_Control"
"ko:K21751",0.137292740692487,NA,"Menthol_Menthol_vs_Control"
"ko:K21870",0.385065868963777,0.772877324042209,"Menthol_Menthol_vs_Control"
"ko:K21891",1.45346071744413,NA,"Menthol_Menthol_vs_Control"
"ko:K22068",-1.29045066780648,0.0794344235653444,"Menthol_Menthol_vs_Control"
"ko:K22071",-0.553668595609234,NA,"Menthol_Menthol_vs_Control"
"ko:K22390",0.292360348338397,0.482755709882794,"Menthol_Menthol_vs_Control"
"ko:K22503",0.0215636744342364,0.959248826810742,"Menthol_Menthol_vs_Control"
"ko:K22556",-0.354614087069521,0.728941572452607,"Menthol_Menthol_vs_Control"
"ko:K22939",1.09095812702431,NA,"Menthol_Menthol_vs_Control"
"ko:K22942",0.770773591948939,0.448161829905824,"Menthol_Menthol_vs_Control"
"ko:K23034",0.411068528295829,0.310587507508964,"Menthol_Menthol_vs_Control"
"ko:K000241",0.323813053813047,0.180109917520065,"Vibrio_Vibrio_vs_Control"
"ko:K000311",-0.198756162571303,0.502476805269531,"Vibrio_Vibrio_vs_Control"
"ko:K001281",-0.440453561861622,0.329688943305228,"Vibrio_Vibrio_vs_Control"
"ko:K001341",0.395954188232852,0.0665094841025878,"Vibrio_Vibrio_vs_Control"
"ko:K001401",-0.1617674108104,0.691702071511932,"Vibrio_Vibrio_vs_Control"
"ko:K002071",-0.658856228041885,0.0760760617502406,"Vibrio_Vibrio_vs_Control"
"ko:K002351",-0.0913552203842422,0.871158636052582,"Vibrio_Vibrio_vs_Control"
"ko:K002491",0.125548699524766,0.833081063870711,"Vibrio_Vibrio_vs_Control"
"ko:K002621",1.77742796318594,0.000384433776021217,"Vibrio_Vibrio_vs_Control"
"ko:K003311",-0.498147291276282,0.575107393439984,"Vibrio_Vibrio_vs_Control"
"ko:K003331",0.116427644136203,0.86325040909129,"Vibrio_Vibrio_vs_Control"
"ko:K003381",0.548300463144604,0.542485022274773,"Vibrio_Vibrio_vs_Control"
"ko:K003571",-0.132229044108467,0.890603090146329,"Vibrio_Vibrio_vs_Control"
"ko:K004111",0.0912183351274544,0.774620036377467,"Vibrio_Vibrio_vs_Control"
"ko:K004131",0.112000044206402,0.890603090146329,"Vibrio_Vibrio_vs_Control"
"ko:K004141",0.79661332198473,0.160425650793293,"Vibrio_Vibrio_vs_Control"
"ko:K004191",0.759022832558424,NA,"Vibrio_Vibrio_vs_Control"
"ko:K004321",-1.86610397596818,0.0118532324894377,"Vibrio_Vibrio_vs_Control"
"ko:K004561",1.30367413613121,0.0100666117542088,"Vibrio_Vibrio_vs_Control"
"ko:K004691",-0.270954181099826,0.636440018986689,"Vibrio_Vibrio_vs_Control"
"ko:K005001",1.58292852781254,0.0803759784839246,"Vibrio_Vibrio_vs_Control"
"ko:K005221",-0.541713708319261,8.92547285779365e-08,"Vibrio_Vibrio_vs_Control"
"ko:K005441",1.9456422457428,0.00259785448773157,"Vibrio_Vibrio_vs_Control"
"ko:K005521",1.5048917552702,0.00259785448773157,"Vibrio_Vibrio_vs_Control"
"ko:K006161",-1.85602199738909,NA,"Vibrio_Vibrio_vs_Control"
"ko:K006431",0.471825441812841,0.32393091422895,"Vibrio_Vibrio_vs_Control"
"ko:K007721",0.432240948491483,0.498633158891716,"Vibrio_Vibrio_vs_Control"
"ko:K007891",0.801234725216198,0.0746196613069529,"Vibrio_Vibrio_vs_Control"
"ko:K007991",-0.117098589933352,0.812579864318424,"Vibrio_Vibrio_vs_Control"
"ko:K008141",0.869108691904671,0.0892641215010084,"Vibrio_Vibrio_vs_Control"
"ko:K008191",0.0982373969942605,0.814314556757159,"Vibrio_Vibrio_vs_Control"
"ko:K008561",-0.483242852780396,0.55075052963277,"Vibrio_Vibrio_vs_Control"
"ko:K009271",1.21206097110659,0.138852599908832,"Vibrio_Vibrio_vs_Control"
"ko:K009331",0.335357669217794,0.503558340890185,"Vibrio_Vibrio_vs_Control"
"ko:K009391",-0.281635347058069,0.497890758643563,"Vibrio_Vibrio_vs_Control"
"ko:K009401",-0.111020685683083,0.744789344029905,"Vibrio_Vibrio_vs_Control"
"ko:K009421",0.827738334071137,NA,"Vibrio_Vibrio_vs_Control"
"ko:K009661",1.86460244170247,NA,"Vibrio_Vibrio_vs_Control"
"ko:K009671",-0.620869493958372,0.0100666117542088,"Vibrio_Vibrio_vs_Control"
"ko:K010701",-0.000108521395309626,0.999816618061584,"Vibrio_Vibrio_vs_Control"
"ko:K010741",-0.531157693322199,0.256813191844033,"Vibrio_Vibrio_vs_Control"
"ko:K012061",-0.256845163231386,0.551859766398431,"Vibrio_Vibrio_vs_Control"
"ko:K012511",-0.633681403611161,0.00558353319206956,"Vibrio_Vibrio_vs_Control"
"ko:K013631",0.0369444010660984,0.92464434504936,"Vibrio_Vibrio_vs_Control"
"ko:K013651",0.313136288997226,0.339193155318534,"Vibrio_Vibrio_vs_Control"
"ko:K013791",-0.27206793002228,0.526840272603901,"Vibrio_Vibrio_vs_Control"
"ko:K014311",0.331594316622914,NA,"Vibrio_Vibrio_vs_Control"
"ko:K015271",-0.200358080868624,0.348363153786368,"Vibrio_Vibrio_vs_Control"
"ko:K015511",-1.18689069697881,NA,"Vibrio_Vibrio_vs_Control"
"ko:K015551",1.46452325520582,NA,"Vibrio_Vibrio_vs_Control"
"ko:K015961",3.15898570803515,2.56991306946224e-35,"Vibrio_Vibrio_vs_Control"
"ko:K016231",0.70821484430682,0.0157568060942944,"Vibrio_Vibrio_vs_Control"
"ko:K016471",0.4085598690393,0.439713899024981,"Vibrio_Vibrio_vs_Control"
"ko:K016811",0.675788214858276,0.254388380061722,"Vibrio_Vibrio_vs_Control"
"ko:K016891",0.621514917114534,0.207197232919046,"Vibrio_Vibrio_vs_Control"
"ko:K016971",-0.344251741158368,0.139371528656841,"Vibrio_Vibrio_vs_Control"
"ko:K017241",0.589379733272009,0.551859766398431,"Vibrio_Vibrio_vs_Control"
"ko:K017581",-0.277301424869466,0.478324971558477,"Vibrio_Vibrio_vs_Control"
"ko:K018031",-0.801634142986195,0.413976941374119,"Vibrio_Vibrio_vs_Control"
"ko:K018661",1.13623588322723,0.0665094841025878,"Vibrio_Vibrio_vs_Control"
"ko:K018751",0.0555045508401786,0.939130532995436,"Vibrio_Vibrio_vs_Control"
"ko:K018811",0.467617483312699,0.26837795255889,"Vibrio_Vibrio_vs_Control"
"ko:K018891",0.113322930199595,0.814314556757159,"Vibrio_Vibrio_vs_Control"
"ko:K018901",0.284623339641674,0.598186789097719,"Vibrio_Vibrio_vs_Control"
"ko:K018921",1.16770897817036,0.0293162673224456,"Vibrio_Vibrio_vs_Control"
"ko:K018931",1.19115390091436,0.00707063712770406,"Vibrio_Vibrio_vs_Control"
"ko:K019151",1.11764595019649,0.0108066865835568,"Vibrio_Vibrio_vs_Control"
"ko:K019531",0.758825167959433,0.108937424314813,"Vibrio_Vibrio_vs_Control"
"ko:K020781",0.470941672238166,NA,"Vibrio_Vibrio_vs_Control"
"ko:K021051",0.45988229831057,0.135849010057279,"Vibrio_Vibrio_vs_Control"
"ko:K021111",0.559864443140446,0.129529764632879,"Vibrio_Vibrio_vs_Control"
"ko:K021121",0.256545955001472,0.478324971558477,"Vibrio_Vibrio_vs_Control"
"ko:K021281",0.213718915982528,0.568641860150516,"Vibrio_Vibrio_vs_Control"
"ko:K021361",0.133439220334812,0.808116373778105,"Vibrio_Vibrio_vs_Control"
"ko:K021461",0.716396612507753,0.441694657982028,"Vibrio_Vibrio_vs_Control"
"ko:K021491",0.301780638586162,0.756555450424885,"Vibrio_Vibrio_vs_Control"
"ko:K021501",-0.240642967706137,0.754727234969347,"Vibrio_Vibrio_vs_Control"
"ko:K021511",0.00230547240949077,NA,"Vibrio_Vibrio_vs_Control"
"ko:K021521",0.611119817176699,0.509024496372665,"Vibrio_Vibrio_vs_Control"
"ko:K021551",0.601398005025962,0.207197232919046,"Vibrio_Vibrio_vs_Control"
"ko:K021831",-0.163565795702352,0.46212215523242,"Vibrio_Vibrio_vs_Control"
"ko:K022191",-0.4287106181445,NA,"Vibrio_Vibrio_vs_Control"
"ko:K022561",1.07820820766674,0.138852599908832,"Vibrio_Vibrio_vs_Control"
"ko:K022641",0.018214309251866,0.978725558338739,"Vibrio_Vibrio_vs_Control"
"ko:K022671",-0.116096178489059,0.835496416252152,"Vibrio_Vibrio_vs_Control"
"ko:K024371",-0.148411627940608,NA,"Vibrio_Vibrio_vs_Control"
"ko:K025031",0.0995709322930457,NA,"Vibrio_Vibrio_vs_Control"
"ko:K026351",-0.0266179279735727,0.981595749305681,"Vibrio_Vibrio_vs_Control"
"ko:K027031",-0.27019879707494,0.84104054747086,"Vibrio_Vibrio_vs_Control"
"ko:K027041",-0.400540288474773,0.772214806270519,"Vibrio_Vibrio_vs_Control"
"ko:K027051",-0.722972775090176,0.58652915999177,"Vibrio_Vibrio_vs_Control"
"ko:K027061",-0.274459831883671,0.829361365625836,"Vibrio_Vibrio_vs_Control"
"ko:K027251",1.02326253502106,NA,"Vibrio_Vibrio_vs_Control"
"ko:K027261",0.555354102485465,0.598186789097719,"Vibrio_Vibrio_vs_Control"
"ko:K027281",0.288576280328909,0.754727234969347,"Vibrio_Vibrio_vs_Control"
"ko:K027291",0.494626808262911,NA,"Vibrio_Vibrio_vs_Control"
"ko:K027301",1.88716805661145,0.0428918952691522,"Vibrio_Vibrio_vs_Control"
"ko:K027311",0.652368986863831,NA,"Vibrio_Vibrio_vs_Control"
"ko:K027321",0.192703771133635,0.824624050695311,"Vibrio_Vibrio_vs_Control"
"ko:K027341",1.03677059114713,0.219834968145481,"Vibrio_Vibrio_vs_Control"
"ko:K027381",2.06794827481642,NA,"Vibrio_Vibrio_vs_Control"
"ko:K027391",0.731868380148326,0.48544462791239,"Vibrio_Vibrio_vs_Control"
"ko:K027401",0.671626093464555,0.551859766398431,"Vibrio_Vibrio_vs_Control"
"ko:K028651",-0.112809102630269,0.616828540785228,"Vibrio_Vibrio_vs_Control"
"ko:K028661",-0.144201026674625,0.38475086093749,"Vibrio_Vibrio_vs_Control"
"ko:K028681",0.0324047122861214,0.875406669538636,"Vibrio_Vibrio_vs_Control"
"ko:K028701",0.0866120210827535,0.636440018986689,"Vibrio_Vibrio_vs_Control"
"ko:K028721",-0.146557240091915,0.542485022274773,"Vibrio_Vibrio_vs_Control"
"ko:K028731",-0.15649958906236,0.401524169517779,"Vibrio_Vibrio_vs_Control"
"ko:K028771",-0.425139582402345,0.0293162673224456,"Vibrio_Vibrio_vs_Control"
"ko:K028801",-0.225389533993846,0.48713250898402,"Vibrio_Vibrio_vs_Control"
"ko:K028821",0.0510205047940589,0.813094002281104,"Vibrio_Vibrio_vs_Control"
"ko:K028831",-0.222396786777503,0.20280616358333,"Vibrio_Vibrio_vs_Control"
"ko:K028851",-0.064248357348287,0.808116373778105,"Vibrio_Vibrio_vs_Control"
"ko:K028891",-0.331254044544674,0.132052946142546,"Vibrio_Vibrio_vs_Control"
"ko:K028911",-0.221373431273121,0.491811392413525,"Vibrio_Vibrio_vs_Control"
"ko:K028931",-0.0120212913623547,0.949301973257103,"Vibrio_Vibrio_vs_Control"
"ko:K028941",-0.429148460481018,0.160425650793293,"Vibrio_Vibrio_vs_Control"
"ko:K028961",-0.388306108416528,0.0504069942588967,"Vibrio_Vibrio_vs_Control"
"ko:K028981",-0.12595435676782,0.65880220776943,"Vibrio_Vibrio_vs_Control"
"ko:K029001",-0.166431194319673,0.50072654695464,"Vibrio_Vibrio_vs_Control"
"ko:K029011",-0.142318509672684,0.501690077178247,"Vibrio_Vibrio_vs_Control"
"ko:K029051",-0.197693953372892,0.491240645102423,"Vibrio_Vibrio_vs_Control"
"ko:K029081",0.0343595218697361,0.890603090146329,"Vibrio_Vibrio_vs_Control"
"ko:K029101",-0.0523402219059359,0.813094002281104,"Vibrio_Vibrio_vs_Control"
"ko:K029121",-0.106248061436861,0.691702071511932,"Vibrio_Vibrio_vs_Control"
"ko:K029151",-0.02247897934161,0.92464434504936,"Vibrio_Vibrio_vs_Control"
"ko:K029171",-0.138325237064127,0.58652915999177,"Vibrio_Vibrio_vs_Control"
"ko:K029181",-0.350285213244055,0.169175262352766,"Vibrio_Vibrio_vs_Control"
"ko:K029201",-0.0951066606873158,0.797493399028664,"Vibrio_Vibrio_vs_Control"
"ko:K029211",-0.27716873157704,0.471929612236221,"Vibrio_Vibrio_vs_Control"
"ko:K029221",-0.172549712792523,0.644815573565408,"Vibrio_Vibrio_vs_Control"
"ko:K029231",-0.185112056385713,0.55726574025359,"Vibrio_Vibrio_vs_Control"
"ko:K029241",-0.105111657040875,0.774620036377467,"Vibrio_Vibrio_vs_Control"
"ko:K029251",-0.234773673915556,0.339193155318534,"Vibrio_Vibrio_vs_Control"
"ko:K029291",-0.155009171894484,0.526840272603901,"Vibrio_Vibrio_vs_Control"
"ko:K029301",-0.218954171643821,0.160425650793293,"Vibrio_Vibrio_vs_Control"
"ko:K029321",-0.120898628425342,0.497890758643563,"Vibrio_Vibrio_vs_Control"
"ko:K029361",-0.226639634733796,0.478324971558477,"Vibrio_Vibrio_vs_Control"
"ko:K029371",-0.417458504425213,0.0100666117542088,"Vibrio_Vibrio_vs_Control"
"ko:K029381",-0.380783376900542,0.0293162673224456,"Vibrio_Vibrio_vs_Control"
"ko:K029401",-0.437353717943479,0.030344277589058,"Vibrio_Vibrio_vs_Control"
"ko:K029411",-0.125487564158167,0.502476805269531,"Vibrio_Vibrio_vs_Control"
"ko:K029471",-0.0615143743251153,0.756555450424885,"Vibrio_Vibrio_vs_Control"
"ko:K029491",-0.153115605052797,0.55075052963277,"Vibrio_Vibrio_vs_Control"
"ko:K029511",-0.0496388200405356,0.808116373778105,"Vibrio_Vibrio_vs_Control"
"ko:K029531",-0.389149840807235,0.129529764632879,"Vibrio_Vibrio_vs_Control"
"ko:K029551",-0.335180056331545,0.160425650793293,"Vibrio_Vibrio_vs_Control"
"ko:K029571",-0.262994995084403,0.160425650793293,"Vibrio_Vibrio_vs_Control"
"ko:K029581",-0.289617833490355,0.192845126807485,"Vibrio_Vibrio_vs_Control"
"ko:K029601",-0.21444910858757,0.478324971558477,"Vibrio_Vibrio_vs_Control"
"ko:K029621",-0.22514224597305,0.353172248857467,"Vibrio_Vibrio_vs_Control"
"ko:K029641",-0.0336747138478695,0.890603090146329,"Vibrio_Vibrio_vs_Control"
"ko:K029661",-0.226155980711428,0.403837961989337,"Vibrio_Vibrio_vs_Control"
"ko:K029691",-0.159600070035556,0.478324971558477,"Vibrio_Vibrio_vs_Control"
"ko:K029711",-0.10924867132532,0.711394458869489,"Vibrio_Vibrio_vs_Control"
"ko:K029731",-0.371939133575463,0.153606728167593,"Vibrio_Vibrio_vs_Control"
"ko:K029741",-0.288195763875967,0.225395008878043,"Vibrio_Vibrio_vs_Control"
"ko:K029751",-0.413011383326998,0.069618441450489,"Vibrio_Vibrio_vs_Control"
"ko:K029761",-0.118142461219975,0.654332935031275,"Vibrio_Vibrio_vs_Control"
"ko:K029781",-0.0553145851193406,0.84104054747086,"Vibrio_Vibrio_vs_Control"
"ko:K029791",-0.191288180884842,0.568641860150516,"Vibrio_Vibrio_vs_Control"
"ko:K029801",0.162306658130469,0.695475685720079,"Vibrio_Vibrio_vs_Control"
"ko:K029811",-0.0523859370138209,0.774620036377467,"Vibrio_Vibrio_vs_Control"
"ko:K029831",0.105723596114119,0.731529964177291,"Vibrio_Vibrio_vs_Control"
"ko:K029841",-0.119451851317836,0.497890758643563,"Vibrio_Vibrio_vs_Control"
"ko:K029851",-0.153835401410292,0.491811392413525,"Vibrio_Vibrio_vs_Control"
"ko:K029871",-0.150224961973781,0.441694657982028,"Vibrio_Vibrio_vs_Control"
"ko:K029911",-0.19331564786334,0.497890758643563,"Vibrio_Vibrio_vs_Control"
"ko:K029921",-0.116052527474397,0.551859766398431,"Vibrio_Vibrio_vs_Control"
"ko:K029931",-0.138887265316439,0.502615018623687,"Vibrio_Vibrio_vs_Control"
"ko:K029951",-0.181937216942522,0.364422864338627,"Vibrio_Vibrio_vs_Control"
"ko:K029971",-0.18316801437921,0.270286514820225,"Vibrio_Vibrio_vs_Control"
"ko:K029981",-0.068230201870874,0.741363618332709,"Vibrio_Vibrio_vs_Control"
"ko:K030071",0.807256920296808,NA,"Vibrio_Vibrio_vs_Control"
"ko:K030081",-0.708644885949489,NA,"Vibrio_Vibrio_vs_Control"
"ko:K030121",0.262848854988619,NA,"Vibrio_Vibrio_vs_Control"
"ko:K030141",0.502732287386081,NA,"Vibrio_Vibrio_vs_Control"
"ko:K030151",0.725322996658455,NA,"Vibrio_Vibrio_vs_Control"
"ko:K030171",0.0840164570919408,NA,"Vibrio_Vibrio_vs_Control"
"ko:K030301",0.490651644474348,NA,"Vibrio_Vibrio_vs_Control"
"ko:K030311",2.08690694789071,0.0113330458336813,"Vibrio_Vibrio_vs_Control"
"ko:K030381",0.10753194192972,NA,"Vibrio_Vibrio_vs_Control"
"ko:K030651",-0.659207613044647,NA,"Vibrio_Vibrio_vs_Control"
"ko:K030831",0.333177568566531,0.572426143646573,"Vibrio_Vibrio_vs_Control"
"ko:K030941",-0.228769702525353,0.813094002281104,"Vibrio_Vibrio_vs_Control"
"ko:K031091",0.575590148459738,NA,"Vibrio_Vibrio_vs_Control"
"ko:K031131",0.740464434554844,0.0359963048509231,"Vibrio_Vibrio_vs_Control"
"ko:K031151",0.576997317281121,0.353172248857467,"Vibrio_Vibrio_vs_Control"
"ko:K031231",1.29231235333364,NA,"Vibrio_Vibrio_vs_Control"
"ko:K032311",-0.0167519184874933,0.890603090146329,"Vibrio_Vibrio_vs_Control"
"ko:K032321",-0.241893500569292,0.32393091422895,"Vibrio_Vibrio_vs_Control"
"ko:K032331",-0.0757124526844094,0.685559986980332,"Vibrio_Vibrio_vs_Control"
"ko:K032341",-0.0964345179866436,0.502476805269531,"Vibrio_Vibrio_vs_Control"
"ko:K032361",0.830096963750463,0.145958202012601,"Vibrio_Vibrio_vs_Control"
"ko:K032371",0.769820058438926,0.323973007155271,"Vibrio_Vibrio_vs_Control"
"ko:K032461",0.465386971345775,0.499772869036866,"Vibrio_Vibrio_vs_Control"
"ko:K032471",1.22696865495997,0.0293162673224456,"Vibrio_Vibrio_vs_Control"
"ko:K032501",1.78733001717478,0.0100666117542088,"Vibrio_Vibrio_vs_Control"
"ko:K032511",0.937395397865528,0.132052946142546,"Vibrio_Vibrio_vs_Control"
"ko:K032621",-0.0805668008172479,0.880235103879825,"Vibrio_Vibrio_vs_Control"
"ko:K032631",-0.164237483310705,0.542485022274773,"Vibrio_Vibrio_vs_Control"
"ko:K032831",0.631770675706267,0.0293162673224456,"Vibrio_Vibrio_vs_Control"
"ko:K035211",0.164308113550228,0.808116373778105,"Vibrio_Vibrio_vs_Control"
"ko:K035221",-0.860412116661998,0.188933956597647,"Vibrio_Vibrio_vs_Control"
"ko:K036261",-0.0862251364051265,0.754727234969347,"Vibrio_Vibrio_vs_Control"
"ko:K036271",0.251356097265128,0.807281242122128,"Vibrio_Vibrio_vs_Control"
"ko:K036351",-1.13292092635288,NA,"Vibrio_Vibrio_vs_Control"
"ko:K036611",0.305389846081087,0.685559986980332,"Vibrio_Vibrio_vs_Control"
"ko:K037681",-0.580531832680631,0.177316090184548,"Vibrio_Vibrio_vs_Control"
"ko:K037811",-0.00823409827468592,0.970415537509381,"Vibrio_Vibrio_vs_Control"
"ko:K038681",0.0641420180796218,NA,"Vibrio_Vibrio_vs_Control"
"ko:K038721",-0.124375300116427,0.841870441067302,"Vibrio_Vibrio_vs_Control"
"ko:K038731",0.706494855420723,0.26837795255889,"Vibrio_Vibrio_vs_Control"
"ko:K039361",0.87054554335461,0.297298118858652,"Vibrio_Vibrio_vs_Control"
"ko:K039421",-0.445143897913949,0.618438437719565,"Vibrio_Vibrio_vs_Control"
"ko:K039431",0.0879579232377264,0.921046745015099,"Vibrio_Vibrio_vs_Control"
"ko:K039491",-0.20989839342634,NA,"Vibrio_Vibrio_vs_Control"
"ko:K039501",-0.162113422246786,NA,"Vibrio_Vibrio_vs_Control"
"ko:K040431",1.06277018547279,0.132052946142546,"Vibrio_Vibrio_vs_Control"
"ko:K040771",-0.0291882844780124,0.960014730424971,"Vibrio_Vibrio_vs_Control"
"ko:K040781",-0.225931835800341,NA,"Vibrio_Vibrio_vs_Control"
"ko:K040791",0.738654715609756,0.0113330458336813,"Vibrio_Vibrio_vs_Control"
"ko:K043451",0.577815529961824,0.406950054026587,"Vibrio_Vibrio_vs_Control"
"ko:K043481",0.197418085046992,NA,"Vibrio_Vibrio_vs_Control"
"ko:K043541",0.5267029661685,0.414099856229917,"Vibrio_Vibrio_vs_Control"
"ko:K043641",0.383404616500579,0.48544462791239,"Vibrio_Vibrio_vs_Control"
"ko:K043691",0.289664955923166,0.762834436533122,"Vibrio_Vibrio_vs_Control"
"ko:K043701",-0.579148074978632,NA,"Vibrio_Vibrio_vs_Control"
"ko:K043711",-0.332685386973,NA,"Vibrio_Vibrio_vs_Control"
"ko:K043921",1.41030676319423,NA,"Vibrio_Vibrio_vs_Control"
"ko:K043931",0.0553526771502155,0.807281242122128,"Vibrio_Vibrio_vs_Control"
"ko:K044311",1.2536018626175,NA,"Vibrio_Vibrio_vs_Control"
"ko:K044441",0.747662763444789,0.177316090184548,"Vibrio_Vibrio_vs_Control"
"ko:K044561",0.653966410103508,0.145958202012601,"Vibrio_Vibrio_vs_Control"
"ko:K045001",1.97779494852928,0.00707063712770406,"Vibrio_Vibrio_vs_Control"
"ko:K045031",-0.0688156185323609,0.813094002281104,"Vibrio_Vibrio_vs_Control"
"ko:K045051",0.726552336360188,0.313535855028212,"Vibrio_Vibrio_vs_Control"
"ko:K045361",-0.401383808201785,0.153068576995565,"Vibrio_Vibrio_vs_Control"
"ko:K045521",0.1450586240222,0.808116373778105,"Vibrio_Vibrio_vs_Control"
"ko:K045651",-0.363258657288147,0.731529964177291,"Vibrio_Vibrio_vs_Control"
"ko:K045671",0.570681833783604,0.340061487926431,"Vibrio_Vibrio_vs_Control"
"ko:K046301",0.174008243709192,0.55075052963277,"Vibrio_Vibrio_vs_Control"
"ko:K046351",0.93817164517494,0.353172248857467,"Vibrio_Vibrio_vs_Control"
"ko:K047121",-0.18535073343784,0.502476805269531,"Vibrio_Vibrio_vs_Control"
"ko:K047391",1.2021539837385,0.135849010057279,"Vibrio_Vibrio_vs_Control"
"ko:K048021",-0.143271576531519,NA,"Vibrio_Vibrio_vs_Control"
"ko:K056871",-1.14039285605703,NA,"Vibrio_Vibrio_vs_Control"
"ko:K056921",-0.298454215497506,0.254388380061722,"Vibrio_Vibrio_vs_Control"
"ko:K057521",1.79232170953428,NA,"Vibrio_Vibrio_vs_Control"
"ko:K057541",0.260861988702432,0.572426143646573,"Vibrio_Vibrio_vs_Control"
"ko:K057551",0.0642687304718037,0.90988233985771,"Vibrio_Vibrio_vs_Control"
"ko:K057561",0.348961630854699,0.636440018986689,"Vibrio_Vibrio_vs_Control"
"ko:K057571",-0.137037206875972,0.685075146778699,"Vibrio_Vibrio_vs_Control"
"ko:K057581",-0.0854302609471322,0.841870441067302,"Vibrio_Vibrio_vs_Control"
"ko:K057591",0.0719848882490298,0.807281242122128,"Vibrio_Vibrio_vs_Control"
"ko:K058631",-0.14629523250509,0.48544462791239,"Vibrio_Vibrio_vs_Control"
"ko:K062151",-0.17146260254823,0.808116373778105,"Vibrio_Vibrio_vs_Control"
"ko:K062681",-0.0131628708286805,0.978725558338739,"Vibrio_Vibrio_vs_Control"
"ko:K062691",0.255452166484789,0.58652915999177,"Vibrio_Vibrio_vs_Control"
"ko:K066851",0.964887674152013,0.129529764632879,"Vibrio_Vibrio_vs_Control"
"ko:K066891",0.145725756433596,0.754727234969347,"Vibrio_Vibrio_vs_Control"
"ko:K067041",2.25824892885884,0.0113330458336813,"Vibrio_Vibrio_vs_Control"
"ko:K068751",-1.04924556032496,NA,"Vibrio_Vibrio_vs_Control"
"ko:K069431",-0.145323382945022,0.700530216030515,"Vibrio_Vibrio_vs_Control"
"ko:K071511",-0.0315325287422773,0.92464434504936,"Vibrio_Vibrio_vs_Control"
"ko:K071921",-0.12305089601819,0.774620036377467,"Vibrio_Vibrio_vs_Control"
"ko:K072051",1.44137331916249,5.34157835099468e-12,"Vibrio_Vibrio_vs_Control"
"ko:K072131",-1.1480687225892,0.259855111469364,"Vibrio_Vibrio_vs_Control"
"ko:K073421",0.0499231943337891,0.875406669538636,"Vibrio_Vibrio_vs_Control"
"ko:K073741",0.276573431905379,0.478324971558477,"Vibrio_Vibrio_vs_Control"
"ko:K073751",0.0944050283077681,0.754727234969347,"Vibrio_Vibrio_vs_Control"
"ko:K075091",0.230648354724017,0.754727234969347,"Vibrio_Vibrio_vs_Control"
"ko:K078271",0.275443484174575,0.546652331687942,"Vibrio_Vibrio_vs_Control"
"ko:K078741",0.606589881165708,0.00126208884980033,"Vibrio_Vibrio_vs_Control"
"ko:K078871",0.161380900215285,0.636440018986689,"Vibrio_Vibrio_vs_Control"
"ko:K078901",0.937664142140414,0.0136445181887255,"Vibrio_Vibrio_vs_Control"
"ko:K078911",0.0677345579863476,0.942866294870758,"Vibrio_Vibrio_vs_Control"
"ko:K078931",0.741383810195853,0.42486246566958,"Vibrio_Vibrio_vs_Control"
"ko:K078971",-0.131133246036401,0.665978907023904,"Vibrio_Vibrio_vs_Control"
"ko:K079011",1.05819447010328,0.101315697089168,"Vibrio_Vibrio_vs_Control"
"ko:K079101",0.658175669227271,0.495068005189274,"Vibrio_Vibrio_vs_Control"
"ko:K079181",-0.599231830039351,0.357224570974932,"Vibrio_Vibrio_vs_Control"
"ko:K079361",-0.0390384061971251,0.92464434504936,"Vibrio_Vibrio_vs_Control"
"ko:K079371",-0.154926143736134,0.445984679571333,"Vibrio_Vibrio_vs_Control"
"ko:K079501",1.32352800991959,NA,"Vibrio_Vibrio_vs_Control"
"ko:K079521",-0.29126527048368,NA,"Vibrio_Vibrio_vs_Control"
"ko:K079531",1.24699728437271,0.0805497334091896,"Vibrio_Vibrio_vs_Control"
"ko:K079551",-0.024557229850768,0.953570728244003,"Vibrio_Vibrio_vs_Control"
"ko:K079761",0.0676850755028998,0.87105561788964,"Vibrio_Vibrio_vs_Control"
"ko:K080071",-0.412153271095239,0.259855111469364,"Vibrio_Vibrio_vs_Control"
"ko:K080561",0.581628732031216,0.139371528656841,"Vibrio_Vibrio_vs_Control"
"ko:K080571",0.119406736537983,0.760334883296398,"Vibrio_Vibrio_vs_Control"
"ko:K083411",0.110841361408773,0.754727234969347,"Vibrio_Vibrio_vs_Control"
"ko:K085151",-0.359317809040998,NA,"Vibrio_Vibrio_vs_Control"
"ko:K085161",0.584074037780085,NA,"Vibrio_Vibrio_vs_Control"
"ko:K085481",-0.0900130580621972,0.813094002281104,"Vibrio_Vibrio_vs_Control"
"ko:K085681",-0.316253893342275,0.526840272603901,"Vibrio_Vibrio_vs_Control"
"ko:K087381",0.107637572685438,0.568641860150516,"Vibrio_Vibrio_vs_Control"
"ko:K087621",-2.21061021334069,NA,"Vibrio_Vibrio_vs_Control"
"ko:K087641",-0.686651692497516,0.0499938177878324,"Vibrio_Vibrio_vs_Control"
"ko:K087941",-0.308265330595597,0.696036282664039,"Vibrio_Vibrio_vs_Control"
"ko:K088241",0.405266092737803,NA,"Vibrio_Vibrio_vs_Control"
"ko:K088701",0.125635206273398,0.868658367165156,"Vibrio_Vibrio_vs_Control"
"ko:K088721",0.810186220028095,0.0729333441794735,"Vibrio_Vibrio_vs_Control"
"ko:K089571",0.925927220330534,0.0073072269846284,"Vibrio_Vibrio_vs_Control"
"ko:K089581",0.249786676231021,0.695475685720079,"Vibrio_Vibrio_vs_Control"
"ko:K089671",0.707989892919523,0.0949216635333553,"Vibrio_Vibrio_vs_Control"
"ko:K090221",0.323995668562842,0.769350346352828,"Vibrio_Vibrio_vs_Control"
"ko:K093981",0.724375611300623,0.357224570974932,"Vibrio_Vibrio_vs_Control"
"ko:K094551",0.891613283783618,0.0110780022994427,"Vibrio_Vibrio_vs_Control"
"ko:K094811",-0.109305491191359,0.808116373778105,"Vibrio_Vibrio_vs_Control"
"ko:K094901",1.85650184804696,0.000384433776021217,"Vibrio_Vibrio_vs_Control"
"ko:K094991",0.809003782333413,0.228882997066373,"Vibrio_Vibrio_vs_Control"
"ko:K095671",0.187107787321188,0.561095246993415,"Vibrio_Vibrio_vs_Control"
"ko:K095681",0.0763956285617379,0.890603090146329,"Vibrio_Vibrio_vs_Control"
"ko:K095691",1.80937154374587,0.0492774019568286,"Vibrio_Vibrio_vs_Control"
"ko:K095701",0.688339334238106,NA,"Vibrio_Vibrio_vs_Control"
"ko:K095801",0.401744134480812,0.0770627242773452,"Vibrio_Vibrio_vs_Control"
"ko:K095841",0.268922691178758,0.685559986980332,"Vibrio_Vibrio_vs_Control"
"ko:K095951",1.08741037239095,0.0293162673224456,"Vibrio_Vibrio_vs_Control"
"ko:K096671",0.973133431595671,0.0921535519863685,"Vibrio_Vibrio_vs_Control"
"ko:K103551",-0.916118769349925,0.000797611873685507,"Vibrio_Vibrio_vs_Control"
"ko:K103641",-0.0522156342374547,0.90988233985771,"Vibrio_Vibrio_vs_Control"
"ko:K103651",0.534987561414217,0.160425650793293,"Vibrio_Vibrio_vs_Control"
"ko:K104111",1.57143985791774,NA,"Vibrio_Vibrio_vs_Control"
"ko:K104181",-0.142307412584062,0.808116373778105,"Vibrio_Vibrio_vs_Control"
"ko:K104191",0.23825420558752,0.754727234969347,"Vibrio_Vibrio_vs_Control"
"ko:K104201",0.225858846060645,0.808116373778105,"Vibrio_Vibrio_vs_Control"
"ko:K104271",-0.0155162518644617,NA,"Vibrio_Vibrio_vs_Control"
"ko:K104351",0.612163189872129,0.213960119737393,"Vibrio_Vibrio_vs_Control"
"ko:K104361",0.571967849780732,0.25760766198389,"Vibrio_Vibrio_vs_Control"
"ko:K105731",0.85699529181361,0.0504069942588967,"Vibrio_Vibrio_vs_Control"
"ko:K105751",0.722151140039751,0.263247494205539,"Vibrio_Vibrio_vs_Control"
"ko:K105761",0.988264876573851,NA,"Vibrio_Vibrio_vs_Control"
"ko:K105771",1.10448409401271,NA,"Vibrio_Vibrio_vs_Control"
"ko:K105801",0.144748880948134,0.774620036377467,"Vibrio_Vibrio_vs_Control"
"ko:K105821",0.051501838082451,0.92464434504936,"Vibrio_Vibrio_vs_Control"
"ko:K105831",-0.15382355667627,NA,"Vibrio_Vibrio_vs_Control"
"ko:K106881",0.0119384921547589,NA,"Vibrio_Vibrio_vs_Control"
"ko:K107041",0.488783291588531,0.569524604070431,"Vibrio_Vibrio_vs_Control"
"ko:K107521",0.514083716261737,0.551859766398431,"Vibrio_Vibrio_vs_Control"
"ko:K109491",0.664109452133286,0.4002835975068,"Vibrio_Vibrio_vs_Control"
"ko:K109561",0.65841315073865,0.00395077898755435,"Vibrio_Vibrio_vs_Control"
"ko:K110871",-0.749398429858213,0.491811392413525,"Vibrio_Vibrio_vs_Control"
"ko:K110881",0.277031713518254,0.754727234969347,"Vibrio_Vibrio_vs_Control"
"ko:K110961",-1.68529887508297,NA,"Vibrio_Vibrio_vs_Control"
"ko:K110981",-0.124104905423495,NA,"Vibrio_Vibrio_vs_Control"
"ko:K110991",0.382392781035418,NA,"Vibrio_Vibrio_vs_Control"
"ko:K111301",0.191140987854478,NA,"Vibrio_Vibrio_vs_Control"
"ko:K111881",0.666921716358901,0.0542466218998982,"Vibrio_Vibrio_vs_Control"
"ko:K112511",0.352958648955549,0.462468124101575,"Vibrio_Vibrio_vs_Control"
"ko:K112521",0.521995419127265,0.364718203588275,"Vibrio_Vibrio_vs_Control"
"ko:K112531",0.140119230822885,0.618438437719565,"Vibrio_Vibrio_vs_Control"
"ko:K112541",1.7100502403315,0.0850005459138096,"Vibrio_Vibrio_vs_Control"
"ko:K112791",0.564868520403395,0.48713250898402,"Vibrio_Vibrio_vs_Control"
"ko:K114951",1.20863345260078,NA,"Vibrio_Vibrio_vs_Control"
"ko:K115841",0.446598651186436,0.441694657982028,"Vibrio_Vibrio_vs_Control"
"ko:K116631",-1.7886465626338,NA,"Vibrio_Vibrio_vs_Control"
"ko:K118271",-0.540989373599667,0.516550753631779,"Vibrio_Vibrio_vs_Control"
"ko:K119681",0.804486855044851,0.30520388637362,"Vibrio_Vibrio_vs_Control"
"ko:K119801",0.508649691221253,0.526840272603901,"Vibrio_Vibrio_vs_Control"
"ko:K121581",-0.0946731276432222,0.582798320729185,"Vibrio_Vibrio_vs_Control"
"ko:K121601",-0.426626644317581,0.561095246993415,"Vibrio_Vibrio_vs_Control"
"ko:K121621",0.700674876800788,NA,"Vibrio_Vibrio_vs_Control"
"ko:K121651",-0.00661587043558589,NA,"Vibrio_Vibrio_vs_Control"
"ko:K121911",0.578318908517853,0.357410307765371,"Vibrio_Vibrio_vs_Control"
"ko:K121941",0.961496484865164,0.198530831302707,"Vibrio_Vibrio_vs_Control"
"ko:K121971",0.713949198763913,0.138852599908832,"Vibrio_Vibrio_vs_Control"
"ko:K121981",0.631079219573639,0.213960119737393,"Vibrio_Vibrio_vs_Control"
"ko:K123931",0.459836030130842,0.504840038853491,"Vibrio_Vibrio_vs_Control"
"ko:K123941",-0.243174737892945,0.800316788778333,"Vibrio_Vibrio_vs_Control"
"ko:K123981",0.807541695395452,0.526840272603901,"Vibrio_Vibrio_vs_Control"
"ko:K123991",-0.583736078567998,NA,"Vibrio_Vibrio_vs_Control"
"ko:K124621",0.477286694903722,0.357224570974932,"Vibrio_Vibrio_vs_Control"
"ko:K125811",-0.173422500567486,0.859990639560528,"Vibrio_Vibrio_vs_Control"
"ko:K126021",0.418160514212413,NA,"Vibrio_Vibrio_vs_Control"
"ko:K126211",0.353364609238187,NA,"Vibrio_Vibrio_vs_Control"
"ko:K126221",0.91510722407549,NA,"Vibrio_Vibrio_vs_Control"
"ko:K126251",-0.400355197754621,NA,"Vibrio_Vibrio_vs_Control"
"ko:K126681",0.476719761537448,0.30520388637362,"Vibrio_Vibrio_vs_Control"
"ko:K126691",0.897489380663274,0.188831836733039,"Vibrio_Vibrio_vs_Control"
"ko:K126701",0.306821649495997,0.478324971558477,"Vibrio_Vibrio_vs_Control"
"ko:K127341",1.60930008389189,NA,"Vibrio_Vibrio_vs_Control"
"ko:K127511",-0.608840284461992,0.495068005189274,"Vibrio_Vibrio_vs_Control"
"ko:K127571",0.0123489986082745,0.966151125346814,"Vibrio_Vibrio_vs_Control"
"ko:K128121",0.759482299446318,0.108131086646889,"Vibrio_Vibrio_vs_Control"
"ko:K128231",0.805863829525531,0.0136445181887255,"Vibrio_Vibrio_vs_Control"
"ko:K128261",0.0031732347955323,NA,"Vibrio_Vibrio_vs_Control"
"ko:K128281",0.189963182267513,0.731529964177291,"Vibrio_Vibrio_vs_Control"
"ko:K128321",0.435179204495966,0.711394458869489,"Vibrio_Vibrio_vs_Control"
"ko:K128331",0.174160933034426,NA,"Vibrio_Vibrio_vs_Control"
"ko:K128451",0.242581665552482,0.774620036377467,"Vibrio_Vibrio_vs_Control"
"ko:K128591",-0.692295656663394,NA,"Vibrio_Vibrio_vs_Control"
"ko:K128731",-0.297009808848302,NA,"Vibrio_Vibrio_vs_Control"
"ko:K128771",0.682039602764576,0.323973007155271,"Vibrio_Vibrio_vs_Control"
"ko:K129471",-0.0859278642688468,0.92464434504936,"Vibrio_Vibrio_vs_Control"
"ko:K129481",1.7847624331681,NA,"Vibrio_Vibrio_vs_Control"
"ko:K130251",0.214450815481337,0.120788385352271,"Vibrio_Vibrio_vs_Control"
"ko:K131201",0.547683945699757,NA,"Vibrio_Vibrio_vs_Control"
"ko:K131261",0.352862366327678,0.0492774019568286,"Vibrio_Vibrio_vs_Control"
"ko:K131761",-0.466432223003182,NA,"Vibrio_Vibrio_vs_Control"
"ko:K132511",0.122672448185136,0.731529964177291,"Vibrio_Vibrio_vs_Control"
"ko:K137581",-0.333841517188399,0.64940274510431,"Vibrio_Vibrio_vs_Control"
"ko:K137851",-0.359330686921316,0.160425650793293,"Vibrio_Vibrio_vs_Control"
"ko:K142861",1.18281235048211,0.526840272603901,"Vibrio_Vibrio_vs_Control"
"ko:K143241",0.341386945802684,NA,"Vibrio_Vibrio_vs_Control"
"ko:K143941",-1.0154832695383,NA,"Vibrio_Vibrio_vs_Control"
"ko:K143971",0.0654714427491003,0.92464434504936,"Vibrio_Vibrio_vs_Control"
"ko:K144551",-0.183012182654836,NA,"Vibrio_Vibrio_vs_Control"
"ko:K144581",-0.278636322905163,0.759725145279614,"Vibrio_Vibrio_vs_Control"
"ko:K145681",-0.106093475668172,NA,"Vibrio_Vibrio_vs_Control"
"ko:K147531",-0.116103127803001,0.526840272603901,"Vibrio_Vibrio_vs_Control"
"ko:K148031",0.34199714142498,0.756555450424885,"Vibrio_Vibrio_vs_Control"
"ko:K149631",-0.319578229702986,NA,"Vibrio_Vibrio_vs_Control"
"ko:K149651",0.262929584097517,0.813094002281104,"Vibrio_Vibrio_vs_Control"
"ko:K150251",0.699917742245707,0.50072654695464,"Vibrio_Vibrio_vs_Control"
"ko:K150281",2.06934236917243,0.0293162673224456,"Vibrio_Vibrio_vs_Control"
"ko:K150401",0.0454124897881341,0.890603090146329,"Vibrio_Vibrio_vs_Control"
"ko:K151021",0.39261286709269,0.0504069942588967,"Vibrio_Vibrio_vs_Control"
"ko:K151031",2.48246581975955,0.000128589095191398,"Vibrio_Vibrio_vs_Control"
"ko:K154231",1.19167614371885,0.139371528656841,"Vibrio_Vibrio_vs_Control"
"ko:K155231",1.56866775841391,0.0073072269846284,"Vibrio_Vibrio_vs_Control"
"ko:K155441",1.05559879791419,0.323011716638705,"Vibrio_Vibrio_vs_Control"
"ko:K156201",0.245533119316014,0.754727234969347,"Vibrio_Vibrio_vs_Control"
"ko:K161851",-0.267050808441044,0.762834436533122,"Vibrio_Vibrio_vs_Control"
"ko:K161861",0.293606347642336,0.541425717485792,"Vibrio_Vibrio_vs_Control"
"ko:K161971",0.0527302104755292,0.813094002281104,"Vibrio_Vibrio_vs_Control"
"ko:K163441",0.742533389960594,0.323973007155271,"Vibrio_Vibrio_vs_Control"
"ko:K165751",0.853972981726948,NA,"Vibrio_Vibrio_vs_Control"
"ko:K167941",-0.724188819340017,0.311503465093578,"Vibrio_Vibrio_vs_Control"
"ko:K170801",0.38357461655177,0.529565643320228,"Vibrio_Vibrio_vs_Control"
"ko:K170811",0.347638730358515,0.636440018986689,"Vibrio_Vibrio_vs_Control"
"ko:K170871",0.781805751521712,0.069618441450489,"Vibrio_Vibrio_vs_Control"
"ko:K170931",0.247695712937481,0.756555450424885,"Vibrio_Vibrio_vs_Control"
"ko:K172541",0.64962126048531,0.00707063712770406,"Vibrio_Vibrio_vs_Control"
"ko:K172551",0.209826112997237,0.569524604070431,"Vibrio_Vibrio_vs_Control"
"ko:K172601",0.165840326518039,0.774620036377467,"Vibrio_Vibrio_vs_Control"
"ko:K172661",0.9578931177703,0.0418016424166385,"Vibrio_Vibrio_vs_Control"
"ko:K172681",0.457423239154848,0.505298246741623,"Vibrio_Vibrio_vs_Control"
"ko:K172861",0.328856196466031,0.414099856229917,"Vibrio_Vibrio_vs_Control"
"ko:K172921",-0.102498715211465,0.892305456411668,"Vibrio_Vibrio_vs_Control"
"ko:K174971",1.37034185691,0.0646507324502765,"Vibrio_Vibrio_vs_Control"
"ko:K177711",-1.01429320186578,NA,"Vibrio_Vibrio_vs_Control"
"ko:K177801",1.09261397562995,NA,"Vibrio_Vibrio_vs_Control"
"ko:K177951",0.49406711231339,NA,"Vibrio_Vibrio_vs_Control"
"ko:K179181",0.580414933090771,0.414099856229917,"Vibrio_Vibrio_vs_Control"
"ko:K179201",0.396960876647061,0.399220513020461,"Vibrio_Vibrio_vs_Control"
"ko:K180411",1.11302451255097,0.0118532324894377,"Vibrio_Vibrio_vs_Control"
"ko:K182111",0.641481642846628,NA,"Vibrio_Vibrio_vs_Control"
"ko:K182691",0.206617261036705,0.813094002281104,"Vibrio_Vibrio_vs_Control"
"ko:K184661",0.396782842110252,0.441694657982028,"Vibrio_Vibrio_vs_Control"
"ko:K184671",0.36253661000433,0.592175173855784,"Vibrio_Vibrio_vs_Control"
"ko:K185841",0.0644278860282409,0.90684974688584,"Vibrio_Vibrio_vs_Control"
"ko:K186171",-0.651398004508427,0.052154789644804,"Vibrio_Vibrio_vs_Control"
"ko:K186461",-0.759099330499693,NA,"Vibrio_Vibrio_vs_Control"
"ko:K194001",0.0935873303428256,0.921046745015099,"Vibrio_Vibrio_vs_Control"
"ko:K196821",-0.0421557904936012,0.953570728244003,"Vibrio_Vibrio_vs_Control"
"ko:K197651",0.0741835735567644,0.917393404149683,"Vibrio_Vibrio_vs_Control"
"ko:K197881",0.125167496643633,NA,"Vibrio_Vibrio_vs_Control"
"ko:K199311",-0.61385087471034,0.478324971558477,"Vibrio_Vibrio_vs_Control"
"ko:K199321",0.202162917940731,0.754727234969347,"Vibrio_Vibrio_vs_Control"
"ko:K200111",0.402526434682632,0.48713250898402,"Vibrio_Vibrio_vs_Control"
"ko:K203011",0.686992325623258,0.502476805269531,"Vibrio_Vibrio_vs_Control"
"ko:K203021",0.166979280434176,NA,"Vibrio_Vibrio_vs_Control"
"ko:K203461",-0.279125510347308,0.808116373778105,"Vibrio_Vibrio_vs_Control"
"ko:K203471",0.191773114061629,0.829361365625836,"Vibrio_Vibrio_vs_Control"
"ko:K203501",1.06222557189463,NA,"Vibrio_Vibrio_vs_Control"
"ko:K203521",1.09784200152109,0.0293162673224456,"Vibrio_Vibrio_vs_Control"
"ko:K203691",0.508341801306088,0.0628655933601461,"Vibrio_Vibrio_vs_Control"
"ko:K203981",-0.393993611372396,0.648756642358897,"Vibrio_Vibrio_vs_Control"
"ko:K203991",0.178583021431654,0.847607046510762,"Vibrio_Vibrio_vs_Control"
"ko:K204721",0.756138687156736,0.311503465093578,"Vibrio_Vibrio_vs_Control"
"ko:K207911",0.196005286619749,NA,"Vibrio_Vibrio_vs_Control"
"ko:K217511",1.04743529478053,NA,"Vibrio_Vibrio_vs_Control"
"ko:K218701",0.219067578652333,0.813094002281104,"Vibrio_Vibrio_vs_Control"
"ko:K218911",0.715259413402669,NA,"Vibrio_Vibrio_vs_Control"
"ko:K220681",-0.796165921365869,0.297298118858652,"Vibrio_Vibrio_vs_Control"
"ko:K220711",1.0491326775474,NA,"Vibrio_Vibrio_vs_Control"
"ko:K223901",0.119087387213503,0.762834436533122,"Vibrio_Vibrio_vs_Control"
"ko:K225031",0.00854187789658276,0.973865769037132,"Vibrio_Vibrio_vs_Control"
"ko:K225561",0.661807429020087,0.30520388637362,"Vibrio_Vibrio_vs_Control"
"ko:K229391",0.898716829921338,NA,"Vibrio_Vibrio_vs_Control"
"ko:K229421",1.00239177798015,0.230467451523481,"Vibrio_Vibrio_vs_Control"
"ko:K230341",0.734522578816421,0.0271212914326326,"Vibrio_Vibrio_vs_Control"
